## The third column is the genetic distance (x100 for %); column 4 is geographic distance (km) and column 5 is 0 for NA1 and 1 for NA2 
Line1,Line2,Genetic Distance (Proportion), Geographic distance, 0 for NA1 and 1 for NA2
CC1373,CC1010,0.01474226,12.8748,"0,0"
CC1952,CC1010,0.03015045,1705.905,"0,1"
CC1952,CC1373,0.03060982,1694.639,"0,1"
CC2342,CC1010,0.02893298,659.831,"0,1"
CC2342,CC1373,0.02945036,656.612,"0,1"
CC2342,CC1952,0.02645080,1210.23,"1,1"
CC2343,CC1010,0.03309608,1750.966,"0,1"
CC2343,CC1373,0.03384600,1757.404,"0,1"
CC2343,CC1952,0.02729405,2199.973,"1,1"
CC2343,CC2342,0.03070530,1375.99,"1,1"
CC2344,CC1010,0.02805075,379.805,"0,1"
CC2344,CC1373,0.02854639,374.977,"0,1"
CC2344,CC1952,0.02725002,1390.47,"1,1"
CC2344,CC2342,0.02443961,281.635,"1,1"
CC2344,CC2343,0.03136799,1530.49,"1,1"
CC2931,CC1010,0.02964254,898.014,"0,1"
CC2931,CC1373,0.03035262,902.842,"0,1"
CC2931,CC1952,0.02627295,1585.2,"1,1"
CC2931,CC2342,0.02522514,503.725,"1,1"
CC2931,CC2343,0.02821172,894.795,"1,1"
CC2931,CC2344,0.02615896,635.691,"1,1"
CC2932,CC1010,0.02896181,898.014,"0,1"
CC2932,CC1373,0.02954311,902.842,"0,1"
CC2932,CC1952,0.02622968,1585.2,"1,1"
CC2932,CC2342,0.02501138,503.725,"1,1"
CC2932,CC2343,0.02847463,894.795,"1,1"
CC2932,CC2344,0.02599738,635.691,"1,1"
CC2932,CC2931,0.02084702,0,"1,1"
CC2935,CC1010,0.01939349,326.697,"0,0"
CC2935,CC1373,0.02002506,313.822,"0,0"
CC2935,CC1952,0.03037874,1604.516,"0,1"
CC2935,CC2342,0.02903042,785.36,"0,1"
CC2935,CC2343,0.03366176,2029.3828,"0,1"
CC2935,CC2344,0.02834682,529.474,"0,1"
CC2935,CC2931,0.02971908,1147.46,"0,1"
CC2935,CC2932,0.02961541,1147.46,"0,1"
CC2936,CC1010,0.01526657,326.697,"0,0"
CC2936,CC1373,0.01685774,313.822,"0,0"
CC2936,CC1952,0.03035951,1604.516,"0,1"
CC2936,CC2342,0.02925337,785.36,"0,1"
CC2936,CC2343,0.03353229,2029.3828,"0,1"
CC2936,CC2344,0.02837573,529.474,"0,1"
CC2936,CC2931,0.02994176,1147.46,"0,1"
CC2936,CC2932,0.02945199,1147.46,"0,1"
CC2936,CC2935,0.01985831,0,"0,0"
CC2937,CC1010,0.01893461,326.697,"0,0"
CC2937,CC1373,0.01970100,313.822,"0,0"
CC2937,CC1952,0.03057188,1604.516,"0,1"
CC2937,CC2342,0.02936053,785.36,"0,1"
CC2937,CC2343,0.03368654,2029.3828,"0,1"
CC2937,CC2344,0.02853111,529.474,"0,1"
CC2937,CC2931,0.03006490,1147.46,"0,1"
CC2937,CC2932,0.02992511,1147.46,"0,1"
CC2937,CC2935,0.01805463,0,"0,0"
CC2937,CC2936,0.01915287,0,"0,0"
CC2938,CC1010,0.01417263,326.697,"0,0"
CC2938,CC1373,0.01576282,313.822,"0,0"
CC2938,CC1952,0.03063648,1604.516,"0,1"
CC2938,CC2342,0.02930220,785.36,"0,1"
CC2938,CC2343,0.03380030,2029.3828,"0,1"
CC2938,CC2344,0.02845047,529.474,"0,1"
CC2938,CC2931,0.03001214,1147.46,"0,1"
CC2938,CC2932,0.02959482,1147.46,"0,1"
CC2938,CC2935,0.02013993,0,"0,0"
CC2938,CC2936,0.01435327,0,"0,0"
CC2938,CC2937,0.01947543,0,"0,0"
CC3059,CC1010,0.01682080,326.697,"0,0"
CC3059,CC1373,0.01792137,313.822,"0,0"
CC3059,CC1952,0.03004494,1604.516,"0,1"
CC3059,CC2342,0.02902452,785.36,"0,1"
CC3059,CC2343,0.03339054,2029.3828,"0,1"
CC3059,CC2344,0.02826268,529.474,"0,1"
CC3059,CC2931,0.02962471,1147.46,"0,1"
CC3059,CC2932,0.02938658,1147.46,"0,1"
CC3059,CC2935,0.01906239,0,"0,0"
CC3059,CC2936,0.01778486,0,"0,0"
CC3059,CC2937,0.01888754,0,"0,0"
CC3059,CC2938,0.01695784,0,"0,0"
CC3060,CC1010,0.01721632,326.697,"0,0"
CC3060,CC1373,0.01743359,313.822,"0,0"
CC3060,CC1952,0.03097366,1604.516,"0,1"
CC3060,CC2342,0.02967079,785.36,"0,1"
CC3060,CC2343,0.03393124,2029.3828,"0,1"
CC3060,CC2344,0.02884181,529.474,"0,1"
CC3060,CC2931,0.03059755,1147.46,"0,1"
CC3060,CC2932,0.03004845,1147.46,"0,1"
CC3060,CC2935,0.01972062,0,"0,0"
CC3060,CC2936,0.01804458,0,"0,0"
CC3060,CC2937,0.01952967,0,"0,0"
CC3060,CC2938,0.01720153,0,"0,0"
CC3060,CC3059,0.01792945,0,"0,0"
CC3061,CC1010,0.01739290,326.697,"0,0"
CC3061,CC1373,0.01812046,313.822,"0,0"
CC3061,CC1952,0.03071569,1604.516,"0,1"
CC3061,CC2342,0.02942260,785.36,"0,1"
CC3061,CC2343,0.03373691,2029.3828,"0,1"
CC3061,CC2344,0.02852453,529.474,"0,1"
CC3061,CC2931,0.03007557,1147.46,"0,1"
CC3061,CC2932,0.02992633,1147.46,"0,1"
CC3061,CC2935,0.01976709,0,"0,0"
CC3061,CC2936,0.01874717,0,"0,0"
CC3061,CC2937,0.01889619,0,"0,0"
CC3061,CC2938,0.01732102,0,"0,0"
CC3061,CC3059,0.01814958,0,"0,0"
CC3061,CC3060,0.01915357,0,"0,0"
CC3062,CC1010,0.01910748,326.697,"0,0"
CC3062,CC1373,0.02030742,313.822,"0,0"
CC3062,CC1952,0.03053064,1604.516,"0,1"
CC3062,CC2342,0.02944991,785.36,"0,1"
CC3062,CC2343,0.03371558,2029.3828,"0,1"
CC3062,CC2344,0.02835078,529.474,"0,1"
CC3062,CC2931,0.03002915,1147.46,"0,1"
CC3062,CC2932,0.02981424,1147.46,"0,1"
CC3062,CC2935,0.01830666,0,"0,0"
CC3062,CC2936,0.01961054,0,"0,0"
CC3062,CC2937,0.01848110,0,"0,0"
CC3062,CC2938,0.01974684,0,"0,0"
CC3062,CC3059,0.01853196,0,"0,0"
CC3062,CC3060,0.01876561,0,"0,0"
CC3062,CC3061,0.01950339,0,"0,0"
CC3063,CC1010,0.01881471,326.697,"0,0"
CC3063,CC1373,0.01953574,313.822,"0,0"
CC3063,CC1952,0.03014621,1604.516,"0,1"
CC3063,CC2342,0.02863155,785.36,"0,1"
CC3063,CC2343,0.03344532,2029.3828,"0,1"
CC3063,CC2344,0.02817385,529.474,"0,1"
CC3063,CC2931,0.02947052,1147.46,"0,1"
CC3063,CC2932,0.02895145,1147.46,"0,1"
CC3063,CC2935,0.01978725,0,"0,0"
CC3063,CC2936,0.01962702,0,"0,0"
CC3063,CC2937,0.01968752,0,"0,0"
CC3063,CC2938,0.01937539,0,"0,0"
CC3063,CC3059,0.01886242,0,"0,0"
CC3063,CC3060,0.01856132,0,"0,0"
CC3063,CC3061,0.01955764,0,"0,0"
CC3063,CC3062,0.01958733,0,"0,0"
CC3065,CC1010,0.01959799,326.697,"0,0"
CC3065,CC1373,0.01995471,313.822,"0,0"
CC3065,CC1952,0.03033505,1604.516,"0,1"
CC3065,CC2342,0.02907298,785.36,"0,1"
CC3065,CC2343,0.03361252,2029.3828,"0,1"
CC3065,CC2344,0.02814081,529.474,"0,1"
CC3065,CC2931,0.02946516,1147.46,"0,1"
CC3065,CC2932,0.02949455,1147.46,"0,1"
CC3065,CC2935,0.01882833,0,"0,0"
CC3065,CC2936,0.01877276,0,"0,0"
CC3065,CC2937,0.01739262,0,"0,0"
CC3065,CC2938,0.01956503,0,"0,0"
CC3065,CC3059,0.01909495,0,"0,0"
CC3065,CC3060,0.01958968,0,"0,0"
CC3065,CC3061,0.01964966,0,"0,0"
CC3065,CC3062,0.01842627,0,"0,0"
CC3065,CC3063,0.01978603,0,"0,0"
CC3068,CC1010,0.01914661,326.697,"0,0"
CC3068,CC1373,0.01940164,313.822,"0,0"
CC3068,CC1952,0.03080213,1604.516,"0,1"
CC3068,CC2342,0.02960559,785.36,"0,1"
CC3068,CC2343,0.03391987,2029.3828,"0,1"
CC3068,CC2344,0.02870806,529.474,"0,1"
CC3068,CC2931,0.03015177,1147.46,"0,1"
CC3068,CC2932,0.02998272,1147.46,"0,1"
CC3068,CC2935,0.01891254,0,"0,0"
CC3068,CC2936,0.01959027,0,"0,0"
CC3068,CC2937,0.01910625,0,"0,0"
CC3068,CC2938,0.01928977,0,"0,0"
CC3068,CC3059,0.01881591,0,"0,0"
CC3068,CC3060,0.01830412,0,"0,0"
CC3068,CC3061,0.01957630,0,"0,0"
CC3068,CC3062,0.01826915,0,"0,0"
CC3068,CC3063,0.01915430,0,"0,0"
CC3068,CC3065,0.01739853,0,"0,0"
CC3069,CC1010,0.01869912,326.697,"0,0"
CC3069,CC1373,0.01999693,313.822,"0,0"
CC3069,CC1952,0.03066889,1604.516,"0,1"
CC3069,CC2342,0.02946422,785.36,"0,1"
CC3069,CC2343,0.03392734,2029.3828,"0,1"
CC3069,CC2344,0.02854252,529.474,"0,1"
CC3069,CC2931,0.03006469,1147.46,"0,1"
CC3069,CC2932,0.02978553,1147.46,"0,1"
CC3069,CC2935,0.01857675,0,"0,0"
CC3069,CC2936,0.01963418,0,"0,0"
CC3069,CC2937,0.01818303,0,"0,0"
CC3069,CC2938,0.01964858,0,"0,0"
CC3069,CC3059,0.01923278,0,"0,0"
CC3069,CC3060,0.01896630,0,"0,0"
CC3069,CC3061,0.01897400,0,"0,0"
CC3069,CC3062,0.01792086,0,"0,0"
CC3069,CC3063,0.01863262,0,"0,0"
CC3069,CC3065,0.01821250,0,"0,0"
CC3069,CC3068,0.01819303,0,"0,0"
CC3071,CC1010,0.01906856,326.697,"0,0"
CC3071,CC1373,0.01979054,313.822,"0,0"
CC3071,CC1952,0.03082752,1604.516,"0,1"
CC3071,CC2342,0.02972039,785.36,"0,1"
CC3071,CC2343,0.03409827,2029.3828,"0,1"
CC3071,CC2344,0.02871228,529.474,"0,1"
CC3071,CC2931,0.03044053,1147.46,"0,1"
CC3071,CC2932,0.03018054,1147.46,"0,1"
CC3071,CC2935,0.01964206,0,"0,0"
CC3071,CC2936,0.01946256,0,"0,0"
CC3071,CC2937,0.01922569,0,"0,0"
CC3071,CC2938,0.01901952,0,"0,0"
CC3071,CC3059,0.01834985,0,"0,0"
CC3071,CC3060,0.01914963,0,"0,0"
CC3071,CC3061,0.01944387,0,"0,0"
CC3071,CC3062,0.01868472,0,"0,0"
CC3071,CC3063,0.02053731,0,"0,0"
CC3071,CC3065,0.01939635,0,"0,0"
CC3071,CC3068,0.01957018,0,"0,0"
CC3071,CC3069,0.01834728,0,"0,0"
CC3073,CC1010,0.01883604,326.697,"0,0"
CC3073,CC1373,0.01964543,313.822,"0,0"
CC3073,CC1952,0.03062634,1604.516,"0,1"
CC3073,CC2342,0.02937464,785.36,"0,1"
CC3073,CC2343,0.03375948,2029.3828,"0,1"
CC3073,CC2344,0.02830195,529.474,"0,1"
CC3073,CC2931,0.02987617,1147.46,"0,1"
CC3073,CC2932,0.02974164,1147.46,"0,1"
CC3073,CC2935,0.01929102,0,"0,0"
CC3073,CC2936,0.01963091,0,"0,0"
CC3073,CC2937,0.01948334,0,"0,0"
CC3073,CC2938,0.01939774,0,"0,0"
CC3073,CC3059,0.01916242,0,"0,0"
CC3073,CC3060,0.01892009,0,"0,0"
CC3073,CC3061,0.01862802,0,"0,0"
CC3073,CC3062,0.01772375,0,"0,0"
CC3073,CC3063,0.01954932,0,"0,0"
CC3073,CC3065,0.01920801,0,"0,0"
CC3073,CC3068,0.01927382,0,"0,0"
CC3073,CC3069,0.01849954,0,"0,0"
CC3073,CC3071,0.01989448,0,"0,0"
CC3076,CC1010,0.01641020,355.665,"0,0"
CC3076,CC1373,0.01685230,342.79,"0,0"
CC3076,CC1952,0.03095214,1527.267,"0,1"
CC3076,CC2342,0.02965276,740.298,"0,1"
CC3076,CC2343,0.03404046,2016.508,"0,1"
CC3076,CC2344,0.02868417,497.287,"0,1"
CC3076,CC2931,0.03032844,1128.15,"0,1"
CC3076,CC2932,0.02999307,1128.15,"0,1"
CC3076,CC2935,0.01962410,77.2485,"0,0"
CC3076,CC2936,0.01710971,77.2485,"0,0"
CC3076,CC2937,0.02014835,77.2485,"0,0"
CC3076,CC2938,0.01547288,77.2485,"0,0"
CC3076,CC3059,0.01835851,77.2485,"0,0"
CC3076,CC3060,0.01808681,77.2485,"0,0"
CC3076,CC3061,0.01903119,77.2485,"0,0"
CC3076,CC3062,0.01906670,77.2485,"0,0"
CC3076,CC3063,0.01892051,77.2485,"0,0"
CC3076,CC3065,0.01942261,77.2485,"0,0"
CC3076,CC3068,0.01917733,77.2485,"0,0"
CC3076,CC3069,0.01912570,77.2485,"0,0"
CC3076,CC3071,0.01831398,77.2485,"0,0"
CC3076,CC3073,0.01907731,77.2485,"0,0"
CC3079,CC1010,0.02775817,355.665,"0,1"
CC3079,CC1373,0.02841467,342.79,"0,1"
CC3079,CC1952,0.02574606,1527.267,"1,1"
CC3079,CC2342,0.02506836,740.298,"1,1"
CC3079,CC2343,0.03016344,2016.508,"1,1"
CC3079,CC2344,0.02531528,497.287,"1,1"
CC3079,CC2931,0.02497662,1128.15,"1,1"
CC3079,CC2932,0.02539786,1128.15,"1,1"
CC3079,CC2935,0.02835483,77.2485,"0,1"
CC3079,CC2936,0.02828014,77.2485,"0,1"
CC3079,CC2937,0.02796343,77.2485,"0,1"
CC3079,CC2938,0.02803812,77.2485,"0,1"
CC3079,CC3059,0.02753523,77.2485,"0,1"
CC3079,CC3060,0.02852093,77.2485,"0,1"
CC3079,CC3061,0.02841072,77.2485,"0,1"
CC3079,CC3062,0.02794946,77.2485,"0,1"
CC3079,CC3063,0.02769702,77.2485,"0,1"
CC3079,CC3065,0.02762417,77.2485,"0,1"
CC3079,CC3068,0.02815761,77.2485,"0,1"
CC3079,CC3069,0.02822776,77.2485,"0,1"
CC3079,CC3071,0.02816640,77.2485,"0,1"
CC3079,CC3073,0.02820643,77.2485,"0,1"
CC3079,CC3076,0.02850301,0,"0,1"
CC3084,CC1010,0.01368172,355.665,"0,0"
CC3084,CC1373,0.01530978,342.79,"0,0"
CC3084,CC1952,0.03071786,1527.267,"0,1"
CC3084,CC2342,0.02955800,740.298,"0,1"
CC3084,CC2343,0.03406246,2016.508,"0,1"
CC3084,CC2344,0.02859536,497.287,"0,1"
CC3084,CC2931,0.03039615,1128.15,"0,1"
CC3084,CC2932,0.02993348,1128.15,"0,1"
CC3084,CC2935,0.01981490,77.2485,"0,0"
CC3084,CC2936,0.01545887,77.2485,"0,0"
CC3084,CC2937,0.01933933,77.2485,"0,0"
CC3084,CC2938,0.01086936,77.2485,"0,0"
CC3084,CC3059,0.01626356,77.2485,"0,0"
CC3084,CC3060,0.01688787,77.2485,"0,0"
CC3084,CC3061,0.01729821,77.2485,"0,0"
CC3084,CC3062,0.01965548,77.2485,"0,0"
CC3084,CC3063,0.01876719,77.2485,"0,0"
CC3084,CC3065,0.01928083,77.2485,"0,0"
CC3084,CC3068,0.01915303,77.2485,"0,0"
CC3084,CC3069,0.01941541,77.2485,"0,0"
CC3084,CC3071,0.01887499,77.2485,"0,0"
CC3084,CC3073,0.01899241,77.2485,"0,0"
CC3084,CC3076,0.01540142,0,"0,0"
CC3084,CC3079,0.02832613,0,"0,1"
CC3086,CC1010,0.01548648,355.665,"0,0"
CC3086,CC1373,0.01589040,342.79,"0,0"
CC3086,CC1952,0.03084348,1527.267,"0,1"
CC3086,CC2342,0.02961915,740.298,"0,1"
CC3086,CC2343,0.03384095,2016.508,"0,1"
CC3086,CC2344,0.02870828,497.287,"0,1"
CC3086,CC2931,0.03026756,1128.15,"0,1"
CC3086,CC2932,0.02988022,1128.15,"0,1"
CC3086,CC2935,0.01947005,77.2485,"0,0"
CC3086,CC2936,0.01594536,77.2485,"0,0"
CC3086,CC2937,0.01950491,77.2485,"0,0"
CC3086,CC2938,0.01349555,77.2485,"0,0"
CC3086,CC3059,0.01609704,77.2485,"0,0"
CC3086,CC3060,0.01712666,77.2485,"0,0"
CC3086,CC3061,0.01756920,77.2485,"0,0"
CC3086,CC3062,0.01981953,77.2485,"0,0"
CC3086,CC3063,0.01975600,77.2485,"0,0"
CC3086,CC3065,0.01985437,77.2485,"0,0"
CC3086,CC3068,0.01966858,77.2485,"0,0"
CC3086,CC3069,0.02001487,77.2485,"0,0"
CC3086,CC3071,0.01870845,77.2485,"0,0"
CC3086,CC3073,0.01877095,77.2485,"0,0"
CC3086,CC3076,0.01634789,0,"0,0"
CC3086,CC3079,0.02803351,0,"0,1"
CC3086,CC3084,0.01286805,0,"0,0"
CC3268,CC1010,0.02957702,898.014,"0,1"
CC3268,CC1373,0.03005270,902.842,"0,1"
CC3268,CC1952,0.02632628,1585.2,"1,1"
CC3268,CC2342,0.02490607,503.725,"1,1"
CC3268,CC2343,0.02839305,894.795,"1,1"
CC3268,CC2344,0.02619615,635.691,"1,1"
CC3268,CC2931,0.01481137,0,"1,1"
CC3268,CC2932,0.01784332,0,"1,1"
CC3268,CC2935,0.02993800,1147.46,"0,1"
CC3268,CC2936,0.02979550,1147.46,"0,1"
CC3268,CC2937,0.02999440,1147.46,"0,1"
CC3268,CC2938,0.03004702,1147.46,"0,1"
CC3268,CC3059,0.02983707,1147.46,"0,1"
CC3268,CC3060,0.03042990,1147.46,"0,1"
CC3268,CC3061,0.03026871,1147.46,"0,1"
CC3268,CC3062,0.03013603,1147.46,"0,1"
CC3268,CC3063,0.02927138,1147.46,"0,1"
CC3268,CC3065,0.02963160,1147.46,"0,1"
CC3268,CC3068,0.03011842,1147.46,"0,1"
CC3268,CC3069,0.03002447,1147.46,"0,1"
CC3268,CC3071,0.03045659,1147.46,"0,1"
CC3268,CC3073,0.02992140,1147.46,"0,1"
CC3268,CC3076,0.03035504,1128.15,"0,1"
CC3268,CC3079,0.02505520,1128.15,"1,1"
CC3268,CC3084,0.03030480,1128.15,"0,1"
CC3268,CC3086,0.03028352,1128.15,"0,1"
GB117,CC1010,0.01441541,326.697,"0,0"
GB117,CC1373,0.01525706,313.822,"0,0"
GB117,CC1952,0.03085467,1604.516,"0,1"
GB117,CC2342,0.02972692,785.36,"0,1"
GB117,CC2343,0.03379045,2029.3828,"0,1"
GB117,CC2344,0.02870060,529.474,"0,1"
GB117,CC2931,0.03044097,1147.46,"0,1"
GB117,CC2932,0.02989807,1147.46,"0,1"
GB117,CC2935,0.01970079,0,"0,0"
GB117,CC2936,0.01515472,0,"0,0"
GB117,CC2937,0.01917042,0,"0,0"
GB117,CC2938,0.01531120,0,"0,0"
GB117,CC3059,0.01769540,0,"0,0"
GB117,CC3060,0.01706022,0,"0,0"
GB117,CC3061,0.01771696,0,"0,0"
GB117,CC3062,0.01937857,0,"0,0"
GB117,CC3063,0.01855119,0,"0,0"
GB117,CC3065,0.01995926,0,"0,0"
GB117,CC3068,0.01954308,0,"0,0"
GB117,CC3069,0.01941886,0,"0,0"
GB117,CC3071,0.01863828,0,"0,0"
GB117,CC3073,0.01904966,0,"0,0"
GB117,CC3076,0.01470490,77.2485,"0,0"
GB117,CC3079,0.02842979,77.2485,"0,1"
GB117,CC3084,0.01379822,77.2485,"0,0"
GB117,CC3086,0.01448099,77.2485,"0,0"
GB117,CC3268,0.03033775,1147.46,"0,1"
GB119,CC1010,0.01996998,326.697,"0,0"
GB119,CC1373,0.02059752,313.822,"0,0"
GB119,CC1952,0.03058772,1604.516,"0,1"
GB119,CC2342,0.02930587,785.36,"0,1"
GB119,CC2343,0.03396011,2029.3828,"0,1"
GB119,CC2344,0.02858657,529.474,"0,1"
GB119,CC2931,0.03019481,1147.46,"0,1"
GB119,CC2932,0.03003880,1147.46,"0,1"
GB119,CC2935,0.01850264,0,"0,0"
GB119,CC2936,0.02084825,0,"0,0"
GB119,CC2937,0.01770267,0,"0,0"
GB119,CC2938,0.02072061,0,"0,0"
GB119,CC3059,0.01940822,0,"0,0"
GB119,CC3060,0.01916906,0,"0,0"
GB119,CC3061,0.02007213,0,"0,0"
GB119,CC3062,0.01829067,0,"0,0"
GB119,CC3063,0.01983185,0,"0,0"
GB119,CC3065,0.01810728,0,"0,0"
GB119,CC3068,0.01918848,0,"0,0"
GB119,CC3069,0.01710541,0,"0,0"
GB119,CC3071,0.01870828,0,"0,0"
GB119,CC3073,0.01958621,0,"0,0"
GB119,CC3076,0.02042881,77.2485,"0,0"
GB119,CC3079,0.02725425,77.2485,"0,1"
GB119,CC3084,0.02049544,77.2485,"0,0"
GB119,CC3086,0.01931807,77.2485,"0,0"
GB119,CC3268,0.03033661,1147.46,"0,1"
GB119,GB117,0.02032441,0,"0,0"
GB123,CC1010,0.01531884,326.697,"0,0"
GB123,CC1373,0.01619344,313.822,"0,0"
GB123,CC1952,0.03082854,1604.516,"0,1"
GB123,CC2342,0.02960450,785.36,"0,1"
GB123,CC2343,0.03382001,2029.3828,"0,1"
GB123,CC2344,0.02877347,529.474,"0,1"
GB123,CC2931,0.03038943,1147.46,"0,1"
GB123,CC2932,0.02982593,1147.46,"0,1"
GB123,CC2935,0.01981631,0,"0,0"
GB123,CC2936,0.01565994,0,"0,0"
GB123,CC2937,0.01934144,0,"0,0"
GB123,CC2938,0.01471525,0,"0,0"
GB123,CC3059,0.01731321,0,"0,0"
GB123,CC3060,0.01709428,0,"0,0"
GB123,CC3061,0.01829833,0,"0,0"
GB123,CC3062,0.01891411,0,"0,0"
GB123,CC3063,0.01915093,0,"0,0"
GB123,CC3065,0.01895004,0,"0,0"
GB123,CC3068,0.01914724,0,"0,0"
GB123,CC3069,0.01879625,0,"0,0"
GB123,CC3071,0.01851435,0,"0,0"
GB123,CC3073,0.01881911,0,"0,0"
GB123,CC3076,0.01154189,77.2485,"0,0"
GB123,CC3079,0.02860852,77.2485,"0,1"
GB123,CC3084,0.01425820,77.2485,"0,0"
GB123,CC3086,0.01471537,77.2485,"0,0"
GB123,CC3268,0.03027455,1147.46,"0,1"
GB123,GB117,0.01432721,0,"0,0"
GB123,GB119,0.02022764,0,"0,0"
GB13,CC1010,0.01524505,326.697,"0,0"
GB13,CC1373,0.01583944,313.822,"0,0"
GB13,CC1952,0.03078218,1604.516,"0,1"
GB13,CC2342,0.02945238,785.36,"0,1"
GB13,CC2343,0.03386401,2029.3828,"0,1"
GB13,CC2344,0.02865292,529.474,"0,1"
GB13,CC2931,0.03034867,1147.46,"0,1"
GB13,CC2932,0.02994124,1147.46,"0,1"
GB13,CC2935,0.01980586,0,"0,0"
GB13,CC2936,0.01580873,0,"0,0"
GB13,CC2937,0.01910991,0,"0,0"
GB13,CC2938,0.01517170,0,"0,0"
GB13,CC3059,0.01748843,0,"0,0"
GB13,CC3060,0.01713038,0,"0,0"
GB13,CC3061,0.01797595,0,"0,0"
GB13,CC3062,0.01934455,0,"0,0"
GB13,CC3063,0.01929638,0,"0,0"
GB13,CC3065,0.01909219,0,"0,0"
GB13,CC3068,0.01962227,0,"0,0"
GB13,CC3069,0.01853075,0,"0,0"
GB13,CC3071,0.01890134,0,"0,0"
GB13,CC3073,0.01833772,0,"0,0"
GB13,CC3076,0.01681659,77.2485,"0,0"
GB13,CC3079,0.02815057,77.2485,"0,1"
GB13,CC3084,0.01477979,77.2485,"0,0"
GB13,CC3086,0.01400267,77.2485,"0,0"
GB13,CC3268,0.03044049,1147.46,"0,1"
GB13,GB117,0.01333027,0,"0,0"
GB13,GB119,0.01809555,0,"0,0"
GB13,GB123,0.01429468,0,"0,0"
GB138,CC1010,0.01573484,326.697,"0,0"
GB138,CC1373,0.01689659,313.822,"0,0"
GB138,CC1952,0.03060925,1604.516,"0,1"
GB138,CC2342,0.02941168,785.36,"0,1"
GB138,CC2343,0.03360879,2029.3828,"0,1"
GB138,CC2344,0.02856185,529.474,"0,1"
GB138,CC2931,0.02999137,1147.46,"0,1"
GB138,CC2932,0.02960385,1147.46,"0,1"
GB138,CC2935,0.02037975,0,"0,0"
GB138,CC2936,0.01471095,0,"0,0"
GB138,CC2937,0.01990533,0,"0,0"
GB138,CC2938,0.01382207,0,"0,0"
GB138,CC3059,0.01781744,0,"0,0"
GB138,CC3060,0.01755576,0,"0,0"
GB138,CC3061,0.01814279,0,"0,0"
GB138,CC3062,0.01997471,0,"0,0"
GB138,CC3063,0.02004199,0,"0,0"
GB138,CC3065,0.02032123,0,"0,0"
GB138,CC3068,0.02049570,0,"0,0"
GB138,CC3069,0.01986756,0,"0,0"
GB138,CC3071,0.01960036,0,"0,0"
GB138,CC3073,0.01952056,0,"0,0"
GB138,CC3076,0.01742692,77.2485,"0,0"
GB138,CC3079,0.02791737,77.2485,"0,1"
GB138,CC3084,0.01445041,77.2485,"0,0"
GB138,CC3086,0.01522805,77.2485,"0,0"
GB138,CC3268,0.03001733,1147.46,"0,1"
GB138,GB117,0.01506846,0,"0,0"
GB138,GB119,0.02003245,0,"0,0"
GB138,GB123,0.01564863,0,"0,0"
GB138,GB13,0.01436106,0,"0,0"
GB141,CC1010,0.01972072,326.697,"0,0"
GB141,CC1373,0.02056445,313.822,"0,0"
GB141,CC1952,0.03005291,1604.516,"0,1"
GB141,CC2342,0.02901497,785.36,"0,1"
GB141,CC2343,0.03352585,2029.3828,"0,1"
GB141,CC2344,0.02824085,529.474,"0,1"
GB141,CC2931,0.02977835,1147.46,"0,1"
GB141,CC2932,0.02968412,1147.46,"0,1"
GB141,CC2935,0.02047942,0,"0,0"
GB141,CC2936,0.02035073,0,"0,0"
GB141,CC2937,0.01920665,0,"0,0"
GB141,CC2938,0.01977667,0,"0,0"
GB141,CC3059,0.01943861,0,"0,0"
GB141,CC3060,0.01917179,0,"0,0"
GB141,CC3061,0.02091179,0,"0,0"
GB141,CC3062,0.01919433,0,"0,0"
GB141,CC3063,0.02094403,0,"0,0"
GB141,CC3065,0.01880753,0,"0,0"
GB141,CC3068,0.01939646,0,"0,0"
GB141,CC3069,0.01846395,0,"0,0"
GB141,CC3071,0.01918408,0,"0,0"
GB141,CC3073,0.01937123,0,"0,0"
GB141,CC3076,0.02000313,77.2485,"0,0"
GB141,CC3079,0.02665241,77.2485,"0,1"
GB141,CC3084,0.01990765,77.2485,"0,0"
GB141,CC3086,0.01869691,77.2485,"0,0"
GB141,CC3268,0.02986258,1147.46,"0,1"
GB141,GB117,0.01949081,0,"0,0"
GB141,GB119,0.01053201,0,"0,0"
GB141,GB123,0.01927740,0,"0,0"
GB141,GB13,0.01761895,0,"0,0"
GB141,GB138,0.01952060,0,"0,0"
GB66,CC1010,0.01734368,326.697,"0,0"
GB66,CC1373,0.01800195,313.822,"0,0"
GB66,CC1952,0.03017683,1604.516,"0,1"
GB66,CC2342,0.02892650,785.36,"0,1"
GB66,CC2343,0.03360353,2029.3828,"0,1"
GB66,CC2344,0.02830544,529.474,"0,1"
GB66,CC2931,0.02988451,1147.46,"0,1"
GB66,CC2932,0.02956822,1147.46,"0,1"
GB66,CC2935,0.01967110,0,"0,0"
GB66,CC2936,0.01787965,0,"0,0"
GB66,CC2937,0.01864548,0,"0,0"
GB66,CC2938,0.01843171,0,"0,0"
GB66,CC3059,0.01871069,0,"0,0"
GB66,CC3060,0.01960435,0,"0,0"
GB66,CC3061,0.01963270,0,"0,0"
GB66,CC3062,0.01884072,0,"0,0"
GB66,CC3063,0.02014664,0,"0,0"
GB66,CC3065,0.01867208,0,"0,0"
GB66,CC3068,0.02018386,0,"0,0"
GB66,CC3069,0.01849531,0,"0,0"
GB66,CC3071,0.01960815,0,"0,0"
GB66,CC3073,0.01974853,0,"0,0"
GB66,CC3076,0.01803815,77.2485,"0,0"
GB66,CC3079,0.02690809,77.2485,"0,1"
GB66,CC3084,0.01789427,77.2485,"0,0"
GB66,CC3086,0.01809149,77.2485,"0,0"
GB66,CC3268,0.02981726,1147.46,"0,1"
GB66,GB117,0.01761461,0,"0,0"
GB66,GB119,0.01495841,0,"0,0"
GB66,GB123,0.01719740,0,"0,0"
GB66,GB13,0.01712709,0,"0,0"
GB66,GB138,0.01831352,0,"0,0"
GB66,GB141,0.01650935,0,"0,0"
